,Rank,institution,location,score scaled
0,1,Massachusetts Institute of Technology (MIT) ,United States,100
1,2,University of Cambridge,United Kingdom,98.8
2,3,Stanford University,United States,98.5
3,4,University of Oxford,United Kingdom,98.4
4,5,Harvard University,United States,97.6
5,6,California Institute of Technology (Caltech),United States,97
6,7,Imperial College London,United Kingdom,97
7,8,UCL,United Kingdom,95
8,9,ETH Zurich - Swiss Federal Institute of Technology,Switzerland,93.6
9,10,University of Chicago,United States,93.2
10,11,National University of Singapore (NUS),Singapore,92.7
11,12,Peking University,China (Mainland),91.3
12,13,University of Pennsylvania,United States,90.6
13,14,Tsinghua University,China (Mainland),90.1
14,15,The University of Edinburgh,United Kingdom,89.5
15,16,EPFL,Switzerland,89.2
16,17,Princeton University,United States,89.2
17,18,Yale University,United States,89
18,19,"Nanyang Technological University, Singapore (NTU)",Singapore,88.4
19,20,Cornell University,United States,87.2
20,21,The University of Hong Kong,Hong Kong SAR,87
21,22,Columbia University,United States,86.7
22,23,The University of Tokyo,Japan,85.3
23,24,Johns Hopkins University,United States,85.1
24,25,University of Michigan-Ann Arbor,United States,84.4
25,26,Université PSL,France,83.8
26,27,"University of California, Berkeley (UCB)",United States,82.7
27,28,The University of Manchester,United Kingdom,82.3
28,29,Seoul National University,South Korea,82.2
29,30,The Australian National University,Australia,82.1
30,31,McGill University,Canada,81.9
31,32,Northwestern University,United States,81.8
32,33,The University of Melbourne,Australia,81.6
33,34,Fudan University,China (Mainland),81.5
34,35,University of Toronto,Canada,81.5
35,36,Kyoto University,Japan,81.4
36,37,King's College London,United Kingdom,81.2
37,38,The Chinese University of Hong Kong (CUHK),Hong Kong SAR,80.6
38,39,New York University (NYU),United States,80.3
39,40,The Hong Kong University of Science and Technology,Hong Kong SAR,79.8
40,41,The University of Sydney,Australia,79.6
41,42,KAIST - Korea Advanced Institute of Science & Technology,South Korea,79.3
42,43,Zhejiang University,China (Mainland),79.3
43,44,"University of California, Los Angeles (UCLA)",United States,78.7
44,45,The University of New South Wales (UNSW Sydney),Australia,78
45,46,Shanghai Jiao Tong University,China (Mainland),77.4
46,47,University of British Columbia,Canada,77
47,48,Institut Polytechnique de Paris,France,76.8
48,49,Technical University of Munich,Germany,76.4
49,50,Duke University,United States,74.8
50,51,The University of Queensland,Australia,74.8
51,52,Carnegie Mellon University,United States,74.6
52,53,"University of California, San Diego (UCSD)",United States,74.5
53,54,City University of Hong Kong,Hong Kong SAR,73.6
54,55,Tokyo Institute of Technology (Tokyo Tech),Japan,72.5
55,56,The London School of Economics and Political Science (LSE),United Kingdom,72.3
56,57,Monash University,Australia,71.6
57,58,University of Amsterdam,Netherlands,71.1
58,59,Ludwig-Maximilians-Universität München,Germany,70.4
59,60,Sorbonne University,France,70.1
60,61,Delft University of Technology,Netherlands,70
61,62,University of Bristol,United Kingdom,70
62,63,Brown University,United States,69.6
63,64,The University of Warwick,United Kingdom,69.1
64,65,Ruprecht-Karls-Universität Heidelberg,Germany,69
65,66,The Hong Kong Polytechnic University,Hong Kong SAR,69
66,67,Universidad de Buenos Aires (UBA),Argentina,68.9
67,68,Osaka University,Japan,68.2
68,69,Université Paris-Saclay,France,68.1
69,70,Universiti Malaya (UM),Malaysia,67.9
70,71,Pohang University of Science And Technology (POSTECH),South Korea,67.7
71,72,University of Texas at Austin,United States,67.4
72,73,Yonsei University,South Korea,67
73,74,Korea University,South Korea,66.9
74,75,Lomonosov Moscow State University,Russia,66.8
75,76,KU Leuven,Belgium,66
76,77,National Taiwan University (NTU),Taiwan,65.7
77,78,University of Southampton,United Kingdom,65
78,79,Tohoku University,Japan,64.9
79,80,University of Washington,United States,64.7
80,81,University of Glasgow,United Kingdom,64.6
81,82,University of Copenhagen,Denmark,64.1
82,83,University of Wisconsin-Madison,United States,63.7
83,84,University of Zurich,Switzerland,63.7
84,85,University of Illinois at Urbana-Champaign,United States,63.6
85,86,University of Leeds,United Kingdom,62.8
86,87,The University of Auckland,New Zealand,62.7
87,88,Georgia Institute of Technology,United States,62.3
88,89,KTH Royal Institute of Technology ,Sweden,62.1
89,90,The University of Western Australia,Australia,61.7
90,91,University of Birmingham,United Kingdom,61.1
91,92,Durham University,United Kingdom,60.9
92,93,Pennsylvania State University,United States,60.8
93,94,University of Science and Technology of China,China (Mainland),60.7
94,95,Lund University,Sweden,60.1
95,96,The University of Sheffield,United Kingdom,59.5
96,97,University of St Andrews,United Kingdom,59.5
97,98,"Trinity College Dublin, The University of Dublin",Ireland,59.1
98,99,Sungkyunkwan University(SKKU),South Korea,58.9
99,100,Rice University,United States,58.8
100,101,University of Oslo,Norway,58.7
101,102,"University of California, Davis",United States,58.2
102,103,"University of North Carolina, Chapel Hill",United States,58.2
103,104,Technical University of Denmark,Denmark,58
104,105,Universidad Nacional Autónoma de México (UNAM),Mexico,58
105,106,King Abdulaziz University (KAU),Saudi Arabia,57.8
106,107,University of Helsinki,Finland,57.8
107,108,Boston University,United States,57.2
108,109,The University of Adelaide,Australia,57
109,110,University of Alberta,Canada,56.9
110,111,École Normale Supérieure de Lyon,France,56.6
111,112,Nagoya University,Japan,56.3
112,113,Utrecht University,Netherlands,56.3
113,114,University of Nottingham,United Kingdom,56.2
114,115,Universidade de São Paulo,Brazil,56.1
115,116,Aalto University,Finland,55.9
116,117,Université de Montréal ,Canada,55.9
117,118,Freie Universitaet Berlin,Germany,55.8
118,119,Washington University in St. Louis,United States,55.8
119,120,University of Bern,Switzerland,55.7
120,121,Pontificia Universidad Católica de Chile (UC),Chile,54.9
121,122,Newcastle University,United Kingdom,54.8
122,123,Universiti Putra Malaysia (UPM),Malaysia,54.7
123,124,Wageningen University & Research,Netherlands,54.6
124,125,Chalmers University of Technology,Sweden,54.5
125,126,Queen Mary University of London,United Kingdom,54.5
126,127,University of Geneva,Switzerland,54.5
127,128,Uppsala University,Sweden,54.3
128,129,Purdue University,United States,54.2
129,130,Universiti Kebangsaan Malaysia (UKM),Malaysia,54.2
130,131,Humboldt-Universität zu Berlin,Germany,54.1
131,132,Leiden University,Netherlands,54.1
132,133,Nanjing University,China (Mainland),53.9
133,134,University of Southern California,United States,53.7
134,135,Kyushu University,Japan,53.5
135,136,University of Basel,Switzerland,53.3
136,137,University of Technology Sydney,Australia,53.2
137,138,Eindhoven University of Technology,Netherlands,52.7
138,139,Politecnico di Milano,Italy,52.4
139,140,The Ohio State University,United States,52
140,141,Hokkaido University,Japan,51.9
141,142,"KIT, Karlsruhe Institute of Technology",Germany,51.9
142,143,Ghent University,Belgium,51.6
143,144,Universiti Sains Malaysia (USM),Malaysia,51.6
144,145,University of Groningen,Netherlands,51.4
145,146,Lancaster University,United Kingdom,51.2
146,147,RWTH Aachen University,Germany,51.1
147,148,University of Rochester,United States,51.1
148,149,"University of California, Santa Barbara (UCSB)",United States,50.9
149,150,Al-Farabi Kazakh National University,Kazakhstan,50.8
150,151,University of Vienna,Austria,50.6
151,152,McMaster University,Canada,50.4
152,153,Stockholm University,Sweden,50.1
153,154,University of Waterloo,Canada,50
154,155,Emory University,United States,49.5
155,156,Indian Institute of Science,India,49.5
156,157,Hanyang University,South Korea,49.4
157,158,Technische Universität Berlin (TU Berlin),Germany,49.3
158,159,Michigan State University,United States,48.9
159,160,King Fahd University of Petroleum & Minerals,Saudi Arabia,48.8
160,161,Aarhus University,Denmark,48.6
161,162,University of York,United Kingdom,48.4
162,163,The University of Exeter,United Kingdom,48.2
163,164,Texas A&M University,United States,47.9
164,165,"University of Maryland, College Park",United States,47.9
165,166,Cardiff University,United Kingdom,47.8
166,167,Alma Mater Studiorum - University of Bologna,Italy,47.5
167,168,Universidad de Chile,Chile,47.5
168,169,Eberhard Karls Universität Tübingen,Germany,47.2
169,170,Tecnológico de Monterrey,Mexico,47.1
170,171,Sapienza University of Rome,Italy,46.8
171,172,Indian Institute of Technology Bombay (IITB),India,46.7
172,173,Western University,Canada,46.7
173,174,Ecole des Ponts ParisTech,France,46.5
174,175,Indian Institute of Technology Delhi (IITD),India,46.5
175,176,Case Western Reserve University,United States,46.2
176,177,National Tsing Hua University,Taiwan,45.9
177,178,Universitat Autònoma de Barcelona,Spain,45.8
178,179,Technische Universität Wien,Austria,45.7
179,180,University of Bath,United Kingdom,45.7
180,181,Khalifa University of Science and Technology,United Arab Emirates,45.6
181,182,University College Dublin,Ireland,45.6
182,183,University of Pittsburgh,United States,45.6
183,184,Universitat de Barcelona,Spain,45.5
184,185,University of Gothenburg,Sweden,45.4
185,186,University of Minnesota Twin Cities,United States,45.4
186,187,University of Wollongong,Australia,45.4
187,188,University of Florida,United States,45.3
188,189,Albert-Ludwigs-Universitaet Freiburg,Germany,45.2
189,190,RMIT University,Australia,44.6
190,191,University of Liverpool,United Kingdom,44.6
191,192,"The University of Newcastle, Australia (UON)",Australia,44.5
192,193,Curtin University,Australia,44.4
193,194,Wuhan University,China (Mainland),44.3
194,195,Macquarie University,Australia,44.2
195,196,Université catholique de Louvain (UCLouvain),Belgium,44.2
196,197,Keio University,Japan,44.1
197,198,Ulsan National Institute of Science and Technology (UNIST),South Korea,44.1
198,199,Vanderbilt University,United States,43.9
199,200,Technische Universität Dresden,Germany,43.6
200,201,Rheinische Friedrich-Wilhelms-Universität Bonn,Germany,43.3
201,202,National Yang Ming Chiao Tung University,Taiwan,43.2
202,203,Universiti Teknologi Malaysia ,Malaysia,43
203,204,University of Lausanne,Switzerland,43
204,205,Dartmouth College,United States,42.8
205,206,Waseda University,Japan,42.8
206,207,University of Bergen,Norway,42.7
207,208,Erasmus University Rotterdam ,Netherlands,42.6
208,209,Qatar University,Qatar,42.6
209,210,Universidade Estadual de Campinas (Unicamp),Brazil,42.5
210,211,Universite libre de Bruxelles,Belgium,42.5
211,212,Tongji University,China (Mainland),42.4
212,213,University of Twente,Netherlands,42.4
213,214,Vrije Universiteit Amsterdam,Netherlands,42.3
214,215,Universidad Autónoma de Madrid,Spain,42.2
215,216,University of Göttingen,Germany,42.2
216,217,Harbin Institute of Technology,China (Mainland),42
217,218,University of Otago,New Zealand,42
218,219,Arizona State University,United States,41.8
219,220,Universidad de los Andes,Colombia,41.6
220,221,University of Aberdeen,United Kingdom,41.6
221,222,Queensland University of Technology (QUT),Australia,41.5
222,223,The Hebrew University of Jerusalem,Israel,41.5
223,224,Chulalongkorn University,Thailand,41.4
224,225,National Cheng Kung University (NCKU),Taiwan,41.4
225,226,Complutense University of Madrid,Spain,41.2
226,227,Southern University of Science and Technology,China (Mainland),41.2
227,228,Universität Hamburg,Germany,40.7
228,229,University of Reading,United Kingdom,40.4
229,230,Bauman Moscow State Technical University,Russia,40.3
230,231,Gadjah Mada University,Indonesia,40.2
231,232,Radboud University ,Netherlands,40
232,233,Queen's University Belfast,United Kingdom,39.9
233,234,Universitat Pompeu Fabra (Barcelona),Spain,39.9
234,235,Bandung Institute of Technology (ITB),Indonesia,39.5
235,236,"University of California, Irvine",United States,39.5
236,237,King Saud University,Saudi Arabia,39.4
237,238,University of Cape Town,South Africa,39.4
238,239,University of Ottawa,Canada,39.4
239,240,University of Sussex,United Kingdom,39.2
240,241,USI - Università della Svizzera italiana,Switzerland,39.2
241,242,University of Calgary,Canada,39
242,243,Universidad Nacional de Colombia,Colombia,38.9
243,244,Università di Padova,Italy,38.9
244,245,University of Notre Dame,United States,38.9
245,246,Queen's University at Kingston,Canada,38.8
246,247,Yeshiva University,United States,38.8
247,248,Universitas Indonesia,Indonesia,38.7
248,249,Université Paris Cité,France,38.7
249,250,Indian Institute of Technology Madras (IITM),India,38.6
250,251,Vrije Universiteit Brussel (VUB),Belgium,38.5
251,252,American University of Beirut (AUB),Lebanon,38.4
252,253,University of Massachusetts Amherst,United States,38.3
253,254,University of Navarra,Spain,38.3
254,255,University of Virginia,United States,38.3
255,256,Loughborough University,United Kingdom,38.1
256,257,Mahidol University,Thailand,38.1
257,258,Universiti Brunei Darussalam (UBD),Brunei,38.1
258,259,Sciences Po ,France,38
259,260,Novosibirsk State University,Russia,37.9
260,261,Tel Aviv University,Israel,37.9
261,262,Beijing Normal University ,China (Mainland),37.8
262,263,The University of Arizona,United States,37.8
263,264,Indian Institute of Technology Kanpur (IITK),India,37.6
264,265,Tomsk State University,Russia,37.6
265,266,Deakin University,Australia,37.5
266,267,Moscow Institute of Physics and Technology (MIPT / Moscow Phystech),Russia,37.3
267,268,Rutgers University–New Brunswick,United States,37.3
268,269,Sun Yat-sen University,China (Mainland),37.3
269,270,Indian Institute of Technology Kharagpur (IIT-KGP),India,37.2
270,271,Kyung Hee University,South Korea,37.2
271,272,National University of Ireland Galway,Ireland,37.2
272,273,Saint Petersburg State University,Russia,37.2
273,274,University of Porto,Portugal,37.1
274,275,Technical University of Darmstadt,Germany,36.9
275,276,Victoria University of Wellington,New Zealand,36.9
276,277,L.N. Gumilyov Eurasian National University (ENU),Kazakhstan,36.8
277,278,Maastricht University ,Netherlands,36.7
278,279,University of Leicester,United Kingdom,36.6
279,280,University of Antwerp,Belgium,36.5
280,281,Georgetown University,United States,36.3
281,282,Heriot-Watt University,United Kingdom,36.3
282,283,Hong Kong Baptist University,Hong Kong SAR,36.3
283,284,Graz University of Technology,Austria,36.1
284,285,Taylor's University,Malaysia,36.1
285,286,UCSI University,Malaysia,36.1
286,287,University of Canterbury | Te Whare Wānanga o Waitaha,New Zealand,36.2
287,288,University of Warsaw ,Poland,36.1
288,289,Belarusian State University,Belarus,36
289,290,Charles University,Czech Republic,36
290,291,Gwangju Institute of Science and Technology (GIST),South Korea,36
291,292,University of Turku,Finland,35.8
292,293,Massey University,New Zealand,35.7
293,294,Jagiellonian University,Poland,35.6
294,295,University of Tasmania,Australia,35.6
295,296,RUDN University,Russia,35.5
296,297,Swinburne University of Technology,Australia,35.4
297,298,United Arab Emirates University,United Arab Emirates,35.4
298,299,University of Miami,United States,35.4
299,300,University of Tartu,Estonia,35.4
300,301,Griffith University,Australia,35.2
301,302,Université Paris 1 Panthéon-Sorbonne ,France,35.2
302,303,Xi’an Jiaotong University,China (Mainland),35.1
303,304,University College Cork,Ireland,35
304,305,University of Macau,Macau SAR,34.9
305,306,University of Surrey,United Kingdom,34.7
306,307,Huazhong University of Science and Technology,China (Mainland),34.6
307,308,Tianjin University,China (Mainland),34.4
308,309,Dalhousie University,Canada,34.3
309,310,HSE University,Russia,34.3
310,311,National Research Nuclear University MEPhI (Moscow Engineering Physics Institute),Russia,34.3
311,312,Universität Innsbruck,Austria,34.3
312,313,North Carolina State University,United States,34.1
313,314,Tufts University,United States,34.1
314,315,University of Tsukuba,Japan,34.1
315,316,La Trobe University,Australia,33.9
316,317,Université Grenoble Alpes,France,33.8
317,318,University of Colorado Boulder,United States,33.8
318,319,University of Illinois at Chicago (UIC),United States,33.8
319,320,Linköping University,Sweden,33.7
320,321,Universidad Carlos III de Madrid (UC3M),Spain,33.7
321,322,Kazan (Volga region) Federal University,Russia,33.4
322,323,Pontificia Universidad Católica Argentina,Argentina,33.3
323,324,University of Milan,Italy,33.2
324,325,Politecnico di Torino,Italy,33.1
325,326,University of Strathclyde,United Kingdom,33.1
326,327,National Taiwan University of Science and Technology (Taiwan Tech),Taiwan,33
327,328,Goethe-University Frankfurt am Main,Germany,32.9
328,329,Simon Fraser University,Canada,32.9
329,330,Aalborg University,Denmark,32.5
330,331,University of Waikato,New Zealand,32.3
331,332,National Taiwan Normal University,Taiwan,32.2
332,333,Universidade Federal do Rio de Janeiro,Brazil,32.1
333,334,National University of Sciences And Technology (NUST) Islamabad,Pakistan,32
334,335,University of Cologne,Germany,31.9
335,336,University of Lisbon ,Portugal,31.9
336,337,Ural Federal University - UrFU,Russia,31.9
337,338,Hiroshima University,Japan,31.8
338,339,Indiana University Bloomington,United States,31.7
339,340,Friedrich-Alexander-Universität Erlangen-Nürnberg,Germany,31.6
340,341,Universiti Teknologi Brunei,Brunei,31.6
341,342,University of East Anglia (UEA),United Kingdom,31.5
342,343,"Birkbeck, University of London",United Kingdom,31.4
343,344,Universitat Politècnica de Catalunya · BarcelonaTech (UPC),Spain,31.4
344,345,MGIMO University,Russia,31.3
345,346,Ewha Womans University,South Korea,31.2
346,347,IE University,Spain,31.1
347,348,University of Jyväskylä,Finland,31.1
348,349,University of Southern Denmark (SDU),Denmark,31.1
349,350,Johannes Kepler University Linz,Austria,31
350,351,University of Connecticut,United States,31
351,352,Norwegian University of Science And Technology,Norway,30.9
352,353,Universität Jena,Germany,30.9
353,354, University of Dundee,United Kingdom,30.8
354,355,Beijing Institute of Technology,China (Mainland),30.7
355,356,"City, University of London",United Kingdom,30.7
356,357,Universität Stuttgart,Germany,30.7
357,358,"University of Chemistry and Technology, Prague",Czech Republic,30.6
358,359,ITMO University,Russia,30.5
359,360,University of Victoria (UVic),Canada,30.5
360,361,Universiti Teknologi PETRONAS (UTP),Malaysia,30.4
361,362,George Washington University,United States,30.3
362,363,Kobe University,Japan,30.2
363,364,Pontificia Universidad Católica del Perú,Peru,30.2
364,365,Quaid-i-Azam University,Pakistan,30.2
365,366,University of South Australia,Australia,30.2
366,367,Virginia Polytechnic Institute and State University,United States,30.2
367,368,Lincoln University ,New Zealand,30.1
368,369,Airlangga University,Indonesia,29.9
369,370,American University of Sharjah,United Arab Emirates,29.9
370,371,Indian Institute of Technology Roorkee (IITR),India,29.9
371,372,Umea University,Sweden,29.9
372,373,Universidade Nova de Lisboa,Portugal,29.9
373,374,University of Kansas,United States,29.9
374,375,"University of California, Santa Cruz",United States,29.8
375,376,University of Kent,United Kingdom,29.8
376,377,University Ulm,Germany,29.8
377,378,Czech Technical University in Prague,Czech Republic,29.7
378,379,Nankai University,China (Mainland),29.7
379,380,Sharif University of Technology,"Iran, Islamic Republic of",29.6
380,381,University of Hawaiʻi at Mānoa,United States,29.6
381,382,Peter the Great St. Petersburg Polytechnic University,Russia,29.5
382,383,Pontificia Universidad Javeriana,Colombia,29.5
383,384,Indian Institute of Technology Guwahati (IITG),India,29.3
384,385,Sultan Qaboos University,Oman,29.3
385,386,Taipei Medical University (TMU),Taiwan,29.3
386,387,Westfälische Wilhelms-Universität Münster ,Germany,29.3
387,388,Lappeenranta-Lahti University of Technology LUT,Finland,29.2
388,389,Northeastern University,United States,29.2
389,390,Pakistan Institute of Engineering and Applied Sciences (PIEAS),Pakistan,29.1
390,391,Universidad de Palermo (UP),Argentina,29.1
391,392,Chung-Ang University (CAU),South Korea,29
392,393,Tokyo Medical and Dental University (TMDU),Japan,29
393,394,University of Oulu,Finland,29
394,395,University of Utah,United States,29
395,396,Indian Institute of Technology Indore (IIT Indore),India,28.7
396,397,Shandong University,China (Mainland),28.7
397,398,National Research Tomsk Polytechnic University,Russia,28.6
398,399,Tilburg University,Netherlands,28.6
399,400,Universitat Politècnica de València,Spain,28.4
400,401,Vilnius University ,Lithuania,28.4
401,402,Colegio de México,Mexico,28.3
402,403,Royal Holloway University of London,United Kingdom,28.3
403,404,University of Pisa,Italy,28.2
404,405,Satbayev University,Kazakhstan,28.1
405,406,Sichuan University,China (Mainland),28
406,407,South China University of Technology,China (Mainland),28
407,408,Colorado State University,United States,27.9
408,409,Technion - Israel Institute of Technology,Israel,27.9
409,410,HUFS - Hankuk (Korea) University of Foreign Studies ,South Korea,27.8
410,411,Julius-Maximilians-Universität Würzburg,Germany,27.8
411,412,Brunel University London,United Kingdom,27.7
412,413,University of Johannesburg,South Africa,27.7
413,414,University of the Philippines,Philippines,27.7
414,415,Tampere University,Finland,27.6
415,416,Ruhr-Universität Bochum,Germany,27.5
416,417,"Stony Brook University, State University of New York",United States,27.5
417,418,The American University in Cairo,Egypt,27.5
418,419,University of Naples - Federico II,Italy,27.5
419,420,Johannes Gutenberg Universität Mainz,Germany,27.4
420,421,Universität Leipzig,Germany,27.4
421,422,National Technical University of Athens,Greece,27.3
422,423,Shanghai University,China (Mainland),27.3
423,424,Xiamen University,China (Mainland),27.3
424,425,Flinders University,Australia,27.2
425,426,Swansea University,United Kingdom,27.2
426,427,University at Buffalo SUNY,United States,27.2
427,428,National Sun Yat-sen University,Taiwan,27.1
428,429,"University of Colorado, Denver ",United States,27.1
429,430,University of Science and Technology Beijing,China (Mainland),27.1
430,431,University of Witwatersrand,South Africa,27.1
431,432,Universidad Austral,Argentina,27
432,433,Université Laval,Canada,26.9
433,434,Far Eastern Federal University,Russia,26.8
434,435,Université de Strasbourg,France,26.8
435,436,National Taipei University of Technology,Taiwan,26.6
436,437,Università Vita-Salute San Raffaele,Italy,26.6
437,438,Oxford Brookes University,United Kingdom,26.5
438,439,University of Coimbra,Portugal,26.5
439,440,Wake Forest University,United States,26.5
440,441,Universidade Federal de São Paulo,Brazil,26.4
441,442,Universität des Saarlandes,Germany,26.4
442,443,Amirkabir University of Technology,"Iran, Islamic Republic of",26.3
443,444,Auezov South Kazakhstan University (SKU),Kazakhstan,26.3
444,445,Beihang University (former BUAA),China (Mainland),26.3
445,446,Illinois Institute of Technology,United States,26.3
446,447,SOAS University of London ,United Kingdom,26.3
447,448,Washington State University,United States,26.3
448,449,Bogor Agricultural University,Indonesia,26.2
449,450,Hasselt University ,Belgium,26.2
450,451,Umm Al-Qura University ,Saudi Arabia,26.2
451,452,Universidad de Montevideo (UM),Uruguay,26.2
452,453,"University of California, Riverside",United States,26.1
453,454,Stellenbosch University,South Africa,26
454,455,University of Tromsø The Arctic University of Norway,Norway,26
455,456,York University,Canada,25.9
456,457,Institut National des Sciences Appliquées de Lyon (INSA),France,25.7
457,458,Sogang University,South Korea,25.7
458,459,University of Trento,Italy,25.7
459,460,University of Florence,Italy,25.6
460,461,James Cook University,Australia,25.5
461,462,Rensselaer Polytechnic Institute,United States,25.5
462,463,Southeast University,China (Mainland),25.5
463,464,Universidad de Belgrano,Argentina,25.5
464,465,"Essex, University of",United Kingdom,25.4
465,466,Universidad de Santiago de Chile (USACH),Chile,25.4
466,467,The National University of Science and Technology MISIS,Russia,25.3
467,468,Universidad de La Habana,Cuba,25.3
468,469,University of Alaska Fairbanks,United States,25.3
469,470,University of Iowa,United States,25.3
470,471,Dublin City University,Ireland,25.2
471,472,Tulane University,United States,25.2
472,473,University of Cyprus (UCY),Cyprus,25.1
473,474,University of Saskatchewan,Canada,25.1
474,475,Chang Gung University,Taiwan,25
475,476,University of Turin,Italy,25
476,477,Imam Abdulrahman Bin Faisal University (IAU) (formerly UNIVERSITY OF DAMMAM),Saudi Arabia,24.9
477,478,Koç University,Turkey,24.9
478,479,Martin-Luther-Universität Halle-Wittenberg,Germany,24.9
479,480,UNESP,Brazil,24.9
480,481,Bond University,Australia,24.8
481,482,Dongguk University ,South Korea,24.8
482,483,Iowa State University,United States,24.8
483,484,Kazakh National Agrarian University KazNAU,Kazakhstan,24.8
484,485,Universiti Utara Malaysia (UUM),Malaysia,24.8
485,486,Auckland University of Technology (AUT),New Zealand,24.7
486,487,University of Klagenfurt,Austria,24.7
487,488,Ajou University ,South Korea,24.6
488,489,Universidad Politécnica de Madrid (UPM),Spain,24.6
489,490,Aix-Marseille University,France,24.5
490,491,Ben-Gurion University of The Negev,Israel,24.5
491,492,Chiba University,Japan,24.5
492,493,Justus-Liebig-University Giessen,Germany,24.5
493,494,The Catholic University of Korea ,South Korea,24.4
494,495,Universidad ORT Uruguay,Uruguay,24.4
495,496,University of Granada,Spain,24.4
496,497,Brandeis University,United States,24.3
497,498,Jilin University,China (Mainland),24.3
498,499,Central South University,China (Mainland),24.2
499,500,"University of Rome ""Tor Vergata""",Italy,24.2
500,501, Western Sydney University,Australia,-
501,502,Bar-Ilan University,Israel,-
502,503,Colorado School of Mines,United States,-
503,504,Kyungpook National University,South Korea,-
504,505,Middle East Technical University,Turkey,-
505,506,Missouri University of Science and Technology,United States,-
506,507,Swarthmore College,United States,-
507,508,Université de Montpellier,France,-
508,509,University of Aveiro,Portugal,-
509,510,University of St.Gallen (HSG),Switzerland,-
510,511,University of Stirling,United Kingdom,-
511,512,University of Tehran,"Iran, Islamic Republic of",-
512,513,Yokohama City University,Japan,-
513,514,Abai Kazakh National Pedagogical University,Kazakhstan,-
514,515,Florida State University,United States,-
515,516,"Goldsmiths, University of London",United Kingdom,-
516,517,Universidad de Alcalá,Spain,-
517,518,Universidad de Costa Rica,Costa Rica,-
518,519,Università Cattolica del Sacro Cuore,Italy,-
519,520,University of Bayreuth,Germany,-
520,521,University of Canberra ,Australia,-
521,522,"University of Missouri, Columbia",United States,-
522,523,Altai State University,Russia,-
523,524,Beijing University of Chemical Technology,China (Mainland),-
524,525,Christian-Albrechts-University zu Kiel,Germany,-
525,526,Poznan University of Life Sciences,Poland,-
526,527,The New School,United States,-
527,528,Université de Liège,Belgium,-
528,529,University of Bordeaux,France,-
529,530,University of Delhi,India,-
530,531,University of Texas Dallas,United States,-
531,532,Warsaw University of Technology,Poland,-
532,533,Hitotsubashi University,Japan,-
533,534,Inha University,South Korea,-
534,535,Iran University of Science and Technology,"Iran, Islamic Republic of",-
535,536,Sabanci University,Turkey,-
536,537,Saint Joseph University of Beirut (USJ) ,Lebanon,-
537,538,"Universidad Central ""Marta Abreu"" de Las Villas",Cuba,-
538,539,University of Balamand,Lebanon,-
539,540,University of Limerick,Ireland,-
540,541,Canadian University Dubai,United Arab Emirates,-
541,542,China University of Petroleum,China (Mainland),-
542,543,East China Normal University,China (Mainland),-
543,544,Savitribai Phule Pune University,India,-
544,545,Southern Federal University,Russia,-
545,546,Universidad Nacional de La Plata (UNLP),Argentina,-
546,547,Universidad Panamericana (UP),Mexico,-
547,548,Universität Konstanz,Germany,-
548,549,Universität Mannheim,Germany,-
549,550,University of Madras,India,-
550,551,V. N. Karazin Kharkiv National University,Ukraine,-
551,552,Anna University,India,-
552,553,Cairo University,Egypt,-
553,554,Concordia University,Canada,-
554,555,Jeonbuk National University,South Korea,-
555,556,Masaryk University,Czech Republic,-
556,557,National Research Saratov State University,Russia,-
557,558,Northwestern Polytechnical University,China (Mainland),-
558,559,Sejong University ,South Korea,-
559,560,Universidad de Zaragoza,Spain,-
560,561,University of Eastern Finland,Finland,-
561,562,University of Szeged,Hungary,-
562,563,Almaty Technological University,Kazakhstan,-
563,564,Applied Science University - Bahrain,Bahrain,-
564,565,Aston University,United Kingdom,-
565,566,Bilkent University,Turkey,-
566,567,Boston College,United States,-
567,568,Dalian University of Technology,China (Mainland),-
568,569,Murdoch University,Australia,-
569,570,Niigata University,Japan,-
570,571,Singapore Management University,Singapore,-
571,572,"Sofia University ""St. Kliment Ohridski""",Bulgaria,-
572,573,Universidad de Sevilla,Spain,-
573,574,Università degli Studi di Pavia,Italy,-
574,575,University of Electronic Science and Technology of China,China (Mainland),-
575,576,University of Ulsan ,South Korea,-
576,577,Hallym University ,South Korea,-
577,578,Holy Spirit University of Kaslik ,Lebanon,-
578,579,Nagasaki University,Japan,-
579,580,Universitat de Valencia,Spain,-
580,581,Université de Fribourg,Switzerland,-
581,582,Université du Québec,Canada,-
582,583,Indian Institute of Technology Hyderabad,India,-
583,584,Macau University of Science and Technology,Macau SAR,-
584,585,National Central University,Taiwan,-
585,586,Shenzhen University,China (Mainland),-
586,587,Universität Regensburg,Germany,-
587,588,Université Paul Sabatier Toulouse III,France,-
588,589,University of Delaware,United States,-
589,590,University of Massachusetts Boston,United States,-
590,591,China Agricultural University ,China (Mainland),-
591,592,Hunan University ,China (Mainland),-
592,593,Lehigh University,United States,-
593,594,Politecnico di Bari,Italy,-
594,595,Sungshin Women's University,South Korea,-
595,596,University of Crete,Greece,-
596,597,University of Guelph,Canada,-
597,598,University of Jordan,Jordan,-
598,599,University of Minho,Portugal,-
599,600,University of Pretoria,South Africa,-
600,601,Abo Akademi University,Finland,-
601,602,Al Ain University,United Arab Emirates,-
602,603,Bangor University,United Kingdom,-
603,604,Carleton University,Canada,-
604,605,Chiang Mai University,Thailand,-
605,606,East China University of Science and Technology,China (Mainland),-
606,607,Edith Cowan University ,Australia,-
607,608,Gifu University,Japan,-
608,609,Immanuel Kant Baltic Federal University,Russia,-
609,610,Istanbul Technical University,Turkey,-
610,611,Ivane Javakhishvili Tbilisi State University,Georgia,-
611,612,Jawaharlal Nehru University,India,-
612,613,Kanazawa University,Japan,-
613,614,"Kingston University, London",United Kingdom,-
614,615,Lahore University of Management Sciences (LUMS),Pakistan,-
615,616,Lebanese American University,Lebanon,-
616,617,Lebanese University,Lebanon,-
617,618,Leibniz University Hannover,Germany,-
618,619,"Lingnan University, Hong Kong",Hong Kong SAR,-
619,620,Management and Science University,Malaysia,-
620,621,Nanjing University of Science and Technology,China (Mainland),-
621,622,National and Kapodistrian University of Athens,Greece,-
622,623,National Chengchi University,Taiwan,-
623,624,Okayama University,Japan,-
624,625,Oregon State University,United States,-
625,626,Osaka City University,Japan,-
626,627,Pontifícia Universidade Católica do Rio de Janeiro,Brazil,-
627,628,Pusan National University,South Korea,-
628,629,Renmin (People's) University of China,China (Mainland),-
629,630,Samara National Research University (Samara University),Russia,-
630,631,St. Louis University,United States,-
631,632,Sunway University,Malaysia,-
632,633,Technische Universität Braunschweig,Germany,-
633,634,The University of Georgia,United States,-
634,635,"The University of Tennessee, Knoxville",United States,-
635,636,Ulster University,United Kingdom,-
636,637,Universidad Anáhuac México,Mexico,-
637,638,Universidad de Concepción,Chile,-
638,639,Universidad Pontificia Bolivariana ,Colombia,-
639,640,Universidad Pontificia Comillas,Spain,-
640,641,Universität Bremen,Germany,-
641,642,Universität Potsdam,Germany,-
642,643,Universität Rostock,Germany,-
643,644,Université Claude Bernard Lyon 1,France,-
644,645,University of Ljubljana,Slovenia,-
645,646,University of Milano-Bicocca ,Italy,-
646,647,University of Salamanca,Spain,-
647,648,University of Sharjah,United Arab Emirates,-
648,649,University of South Florida,United States,-
649,650,University Paris 2 Panthéon-Assas,France,-
650,651,Wayne State University,United States,-
651,652,Wesleyan University,United States,-
652,653,Aberystwyth University,United Kingdom,-
653,654,Abu Dhabi University,United Arab Emirates,-
654,655,Ahlia University,Bahrain,-
655,656,Ajman University,United Arab Emirates,-
656,657,Alfaisal University,Saudi Arabia,-
657,658,American University in Dubai,United Arab Emirates,-
658,659,Aristotle University of Thessaloniki,Greece,-
659,660,Ateneo de Manila University,Philippines,-
660,661,Central Queensland University (CQUniversity Australia),Australia,-
661,662,China University of Geosciences,China (Mainland),-
662,663,Chongqing University,China (Mainland),-
663,664,Comenius University in Bratislava,Slovakia,-
664,665,Coventry University,United Kingdom,-
665,666,Drexel University,United States,-
666,667,Gunma University,Japan,-
667,668,Indian Institute of Technology (BHU) Varanasi,India,-
668,669,International Islamic University Malaysia (IIUM),Malaysia,-
669,670,Karaganda State Technical University,Kazakhstan,-
670,671,Karl-Franzens-Universitaet Graz,Austria,-
671,672,Konkuk University ,South Korea,-
672,673,Kumamoto University,Japan,-
673,674,National Chung Hsing University,Taiwan,-
674,675,"National Technical University ""Kharkiv Polytechnic Institute""",Ukraine,-
675,676,New Jersey Institute of Technology (NJIT),United States,-
676,677,Northumbria University at Newcastle,United Kingdom,-
677,678,O.P. Jindal Global University,India,-
678,679,Palacký University Olomouc,Czech Republic,-
679,680,Plekhanov Russian University of Economics,Russia,-
680,681,Prince Mohammad Bin Fahd university,Saudi Arabia,-
681,682,S.D. Asfendiyarov Kazakh National Medical University,Kazakhstan,-
682,683,Sechenov University,Russia,-
683,684,Soochow University,China (Mainland),-
684,685,Taras Shevchenko National University of Kyiv,Ukraine,-
685,686,Thammasat University,Thailand,-
686,687,Universidad de Antioquia,Colombia,-
687,688,Universidad Externado de Colombia ,Colombia,-
688,689,Universidad ICESI,Colombia,-
689,690,Universidad Nacional del Centro de la Provincia de Buenos Aires (UNICEN),Argentina,-
690,691,Universidad Peruana Cayetano Heredia (UPCH),Peru,-
691,692,Universitat Ramon Llull,Spain,-
692,693,Universiti Teknologi MARA - UiTM,Malaysia,-
693,694,"University of Alabama, Birmingham",United States,-
694,695,University of Debrecen,Hungary,-
695,696,University of Genoa,Italy,-
696,697,University of Huddersfield,United Kingdom,-
697,698,University of Hull,United Kingdom,-
698,699,University of Manitoba,Canada,-
699,700,University of Nebraska - Lincoln,United States,-
700,701,University of Plymouth,United Kingdom,-
701,702,University of Southern Queensland ,Australia,-
702,703,American University,United States,-
703,704,American University of the Middle East,Kuwait,-
704,705,Boğaziçi University,Turkey,-
705,706,Brno University of Technology,Czech Republic,-
706,707,Charles Darwin University ,Australia,-
707,708,City University of New York,United States,-
708,709,Eötvös Loránd University,Hungary,-
709,710,Free University of Bozen-Bolzano,Italy,-
710,711,Institut Teknologi Sepuluh Nopember (ITS Surabaya),Indonesia,-
711,712,Jadavpur University,India,-
712,713,Jinan University (China),China (Mainland),-
713,714,Jouf University,Saudi Arabia,-
714,715,Kagoshima University,Japan,-
715,716,Khoja Akhmet Yassawi International Kazakh-Turkish University,Kazakhstan,-
716,717,King Khalid University,Saudi Arabia,-
717,718,"National Technical University of Ukraine ""Igor Sikorsky Kyiv Polytechnic Institute""",Ukraine,-
718,719,Pavol Jozef Šafárik University in Košice,Slovakia,-
719,720,Princess Nourah bint Abdulrahman University,Saudi Arabia,-
720,721,Ritsumeikan University,Japan,-
721,722,Southern Cross University ,Australia,-
722,723,Stevens Institute of Technology,United States,-
723,724,Tallinn University of Technology (TalTech),Estonia,-
724,725,Tokushima University,Japan,-
725,726,Tokyo Metropolitan University,Japan,-
726,727,Tokyo University of Agriculture and Technology ,Japan,-
727,728,Universidad Católica del Uruguay (UCU),Uruguay,-
728,729,Universidad Central de Venezuela,Venezuela,-
729,730,Universidad de La Sabana,Colombia,-
730,731,Universidad Iberoamericana IBERO,Mexico,-
731,732,Universidad San Francisco de Quito (USFQ),Ecuador,-
732,733,Universidade Federal de Minas Gerais      ,Brazil,-
733,734,Universiti Tenaga Nasional (UNITEN),Malaysia,-
734,735,University of Bradford,United Kingdom,-
735,736,University of Cincinnati,United States,-
736,737,University of Haifa,Israel,-
737,738,University of Kentucky,United States,-
738,739,University of Mons ,Belgium,-
739,740,University of New Brunswick,Canada,-
740,741,University of New Mexico,United States,-
741,742,University of Oklahoma,United States,-
742,743,University of Oregon,United States,-
743,744,University of Pecs,Hungary,-
744,745,University of Portsmouth,United Kingdom,-
745,746,University of South Bohemia,Czech Republic,-
746,747,University of South Carolina,United States,-
747,748,University of the Basque Country,Spain,-
748,749,University of Trieste,Italy,-
749,750,University of Vermont,United States,-
750,751,University of Westminster,United Kingdom,-
751,752,Victoria University ,Australia,-
752,753,Vilnius Gediminas Technical University,Lithuania,-
753,754,Virginia Commonwealth University,United States,-
754,755,Zayed University,United Arab Emirates,-
755,756,Beijing University of Technology,China (Mainland),-
756,757,Belarusian National Technical University (BNTU),Belarus,-
757,758,Chonnam National University,South Korea,-
758,759,Chungnam National University,South Korea,-
759,760,Clark University,United States,-
760,761,CY Cergy Paris University,France,-
761,762,Dankook University ,South Korea,-
762,763,Florida International University,United States,-
763,764,Howard University,United States,-
764,765,Instituto Politécnico Nacional (IPN),Mexico,-
765,766,Instituto Tecnológico Autónomo de México (ITAM),Mexico,-
766,767,Instituto Tecnológico de Buenos Aires (ITBA),Argentina,-
767,768,Keele University ,United Kingdom,-
768,769,Lanzhou University,China (Mainland),-
769,770,Lobachevsky University,Russia,-
770,771,"Manipal Academy of Higher Education, Manipal, Karnataka, India",India,-
771,772,Memorial University of Newfoundland,Canada,-
772,773,Michigan Technological University,United States,-
773,774,Middlesex University,United Kingdom,-
774,775,Osaka Prefecture University ,Japan,-
775,776,Paris Lodron University of Salzburg,Austria,-
776,777,Philipps-Universität Marburg ,Germany,-
777,778,Pontificia Universidad Católica de Valparaíso,Chile,-
778,779,Riga Technical University,Latvia,-
779,780,Saint Petersburg Electrotechnical University ETU-LETI,Russia,-
780,781,Shiraz University,"Iran, Islamic Republic of",-
781,782,Syracuse University,United States,-
782,783,Temple University,United States,-
783,784,Universidad Adolfo Ibáñez,Chile,-
784,785,Universidad Autónoma Chapingo,Mexico,-
785,786,Universidad Católica Andres Bello,Venezuela,-
786,787,Universidad de la República (Udelar),Uruguay,-
787,788,Universidad de San Andrés - UdeSA,Argentina,-
788,789,Universidad del Rosario,Colombia,-
789,790,Universidade de Santiago de Compostela,Spain,-
790,791,Universidade Federal do Rio Grande Do Sul ,Brazil,-
791,792,Universitas Padjadjaran,Indonesia,-
792,793,Universitat Rovira i Virgili,Spain,-
793,794,Université Côte d\'Azur,France,-
794,795,Université de Lille,France,-
795,796,Université de Sherbrooke,Canada,-
796,797,Université de Sousse,Tunisia,-
797,798,University Duesseldorf,Germany,-
798,799,University of Denver,United States,-
799,800,University of Houston,United States,-
800,801,University of Hyderabad,India,-
801,802,University of Siena,Italy,-
802,803,University of Windsor,Canada,-
803,804,Academician Y.A. Buketov Karaganda University,Kazakhstan,-
804,805,"Adam Mickiewicz University, Poznań",Poland,-
805,806,AGH University of Science and Technology,Poland,-
806,807,Ain Shams University ,Egypt,-
807,808,Australian Catholic University,Australia,-
808,809,Bangladesh University of Engineering and Technology,Bangladesh,-
809,810,Beijing Foreign Studies University,China (Mainland),-
810,811,Beijing Jiaotong University,China (Mainland),-
811,812,Beijing University of Chinese Medicine,China (Mainland),-
812,813,Beijing University of Posts and Telecommunications,China (Mainland),-
813,814,Beirut Arab University ,Lebanon,-
814,815,Bournemouth University,United Kingdom,-
815,816,Budapest University of Technology and Economics,Hungary,-
816,817,Ca' Foscari University of Venice ,Italy,-
817,818,Catania University,Italy,-
818,819,Chandigarh University,India,-
819,820,Chang Jung Christian University,Taiwan,-
820,821,Charles Sturt University ,Australia,-
821,822,China University of Mining and Technology,China (Mainland),-
822,823,Clarkson University,United States,-
823,824,Clemson University,United States,-
824,825,College of William and Mary,United States,-
825,826,Cracow University of Technology (Politechnika Krakowska),Poland,-
826,827,Czech University of Life Sciences in Prague,Czech Republic,-
827,828,De La Salle University,Philippines,-
828,829,De Montfort University,United Kingdom,-
829,830,Diponegoro University,Indonesia,-
830,831,Donghua University,China (Mainland),-
831,832,Duy Tan University,Vietnam,-
832,833,Edinburgh Napier University,United Kingdom,-
833,834,Gdańsk University of Technology,Poland,-
834,835,Georgia State University,United States,-
835,836,German Jordanian University,Jordan,-
836,837,Gulf University for Science and Technology,Kuwait,-
837,838,Hacettepe University ,Turkey,-
838,839,Harbin Engineering University,China (Mainland),-
839,840,Indian Institute of Technology Bhubaneswar,India,-
840,841,Indiana University–Purdue University Indianapolis,United States,-
841,842,Instituto Tecnológico de Santo Domingo (INTEC),Dominican Republic,-
842,843,International Christian University,Japan,-
843,844,Islamic University of Madinah,Saudi Arabia,-
844,845,Istanbul University,Turkey,-
845,846,"ITESO, Universidad Jesuita de Guadalajara",Mexico,-
846,847,Jamia Millia Islamia,India,-
847,848,Jordan University of Science & Technology,Jordan,-
848,849,Kansas State University ,United States,-
849,850,Kasetsart University,Thailand,-
850,851,Kaunas University of Technology,Lithuania,-
851,852,Kazakh-British Technical University,Kazakhstan,-
852,853,Khon Kaen University,Thailand,-
853,854,King Faisal University,Saudi Arabia,-
854,855,King Mongkut's University of Technology Thonburi ,Thailand,-
855,856,Kyrgyz-Turkish Manas University,Kyrgyzstan,-
856,857,Liverpool John Moores University,United Kingdom,-
857,858,Lodz University of Technology,Poland,-
858,859,London Metropolitan University,United Kingdom,-
859,860,London South Bank University,United Kingdom,-
860,861,Louisiana State University,United States,-
861,862,Loyola University Chicago,United States,-
862,863,Lviv Polytechnic National University,Ukraine,-
863,864,Manchester Metropolitan University (MMU),United Kingdom,-
864,865,Maynooth University,Ireland,-
865,866,Mendel University in Brno,Czech Republic,-
866,867,Nanjing Agricultural University,China (Mainland),-
867,868,Nanjing University of Aeronautics and Astronautics,China (Mainland),-
868,869,National Chung Cheng University,Taiwan,-
869,870,National Institute of Technology Tiruchirappalli,India,-
870,871,Nicolaus Copernicus University ,Poland,-
871,872,NJSC KIMEP University,Kazakhstan,-
872,873,Northern Borders University,Saudi Arabia,-
873,874,Northwest Agriculture and Forestry University,China (Mainland),-
874,875,Northwest University (China),China (Mainland),-
875,876,Notre Dame University-Louaize NDU,Lebanon,-
876,877,Nottingham Trent University,United Kingdom,-
877,878,Novosibirsk State Technical University,Russia,-
878,879,Oklahoma State University ,United States,-
879,880,Perm State National Research University,Russia,-
880,881,Pondicherry University,India,-
881,882,Pontificia Universidad Católica del Ecuador (PUCE),Ecuador,-
882,883,Pontifícia Universidade Católica de São Paulo,Brazil,-
883,884,Poznań University of Technology,Poland,-
884,885,Prince of Songkla University,Thailand,-
885,886,Princess Sumaya University for Technology,Jordan,-
886,887,Qassim University,Saudi Arabia,-
887,888,"Queen Margaret University , Edinburgh",United Kingdom,-
888,889,Rhodes University ,South Africa,-
889,890,Riga Stradins University,Latvia,-
890,891,Ritsumeikan Asia Pacific University,Japan,-
891,892,Robert Gordon University,United Kingdom,-
892,893,Russian Presidential Academy of National Economy and Public Administration,Russia,-
893,894,Russian-Armenian (Slavonic) State University,Armenia,-
894,895,Rutgers University–Newark,United States,-
895,896,Toronto Metropolitan University,Canada,-
896,897,Saint-Petersburg Mining University,Russia,-
897,898,Shinshu University ,Japan,-
898,899,Shoolini University of Biotechnology and Management Sciences,India,-
899,900,Slovak University of Technology in Bratislava,Slovakia,-
900,901,Sophia University ,Japan,-
901,902,South Ural State University (National Research University),Russia,-
902,903,Southern Methodist University,United States,-
903,904,Sumy State University,Ukraine,-
904,905,Széchenyi István University,Hungary,-
905,906,Szent Istvan University,Hungary,-
906,907,Technical University of Kosice,Slovakia,-
907,908,Technical University of Liberec,Czech Republic,-
908,909,Technological University Dublin,Ireland,-
909,910,Tecnológico de Costa Rica -TEC,Costa Rica,-
910,911,Tokyo University of Science,Japan,-
911,912,TU Dortmund University,Germany,-
912,913,Ufa State Aviation Technical University ,Russia,-
913,914,Universidad Autónoma del Estado de Hidalgo (UAEH),Mexico,-
914,915,Universidad Autónoma del Estado de México (UAEMex),Mexico,-
915,916,Universidad Autónoma Metropolitana (UAM),Mexico,-
916,917,Universidad de Guadalajara (UDG),Mexico,-
917,918,Universidad de las Américas Puebla (UDLAP),Mexico,-
918,919,Universidad de Los Andes - (ULA) Mérida,Venezuela,-
919,920,Universidad de los Andes - Chile,Chile,-
920,921,Universidad de Oriente Santiago de Cuba,Cuba,-
921,922,Universidad del Valle,Colombia,-
922,923,Universidad Diego Portales (UDP),Chile,-
923,924,Universidad EAFIT,Colombia,-
924,925,Universidad Nacional de Córdoba - UNC,Argentina,-
925,926,Universidad Nacional de Rosario (UNR),Argentina,-
926,927,Universidad Nacional de San Luis,Argentina,-
927,928,Universidad Nacional Mayor de San Marcos,Peru,-
928,929,Universidad Simón Bolívar (USB),Venezuela,-
929,930,Universidad Tecnológica Nacional (UTN),Argentina,-
930,931,Universidad Torcuato Di Tella,Argentina,-
931,932,Universidade Católica Portuguesa - UCP,Portugal,-
932,933,Universidade de Brasília,Brazil,-
933,934,Universidade Federal de Santa Catarina ,Brazil,-
934,935,Universidade Federal de São Carlos (UFSCar),Brazil,-
935,936,Universidade Federal do Paraná - UFPR,Brazil,-
936,937,Universita' degli Studi di Ferrara,Italy,-
937,938,Università degli Studi di Perugia,Italy,-
938,939,Università degli studi Roma Tre,Italy,-
939,940,Universita' Politecnica delle Marche,Italy,-
940,941,Universitas Brawijaya ,Indonesia,-
941,942,Universität Duisburg-Essen,Germany,-
942,943,Université de Lorraine,France,-
943,944,Université de Nantes,France,-
944,945,Université de Rennes 1,France,-
945,946,Universiti Malaysia Pahang,Malaysia,-
946,947,Universiti Malaysia Perlis,Malaysia,-
947,948,Universiti Pendidikan Sultan Idris (UPSI),Malaysia,-
948,949,Universiti Tunku Abdul Rahman (UTAR),Malaysia,-
949,950,University at Albany SUNY,United States,-
950,951,University of Alicante,Spain,-
951,952,University of Baghdad,Iraq,-
952,953,University of Bahrain,Bahrain,-
953,954,University of Bari,Italy,-
954,955,University of Brescia,Italy,-
955,956,University of Brighton,United Kingdom,-
956,957,University of Calcutta,India,-
957,958,University of Central Florida,United States,-
958,959,University of Central Lancashire,United Kingdom,-
959,960,University of Dhaka,Bangladesh,-
960,961,University of Dubai,United Arab Emirates,-
961,962,University of East London,United Kingdom,-
962,963,University of Engineering & Technology (UET) Lahore,Pakistan,-
963,964,UNIVERSITY OF GDANSK,Poland,-
964,965,University of Greenwich,United Kingdom,-
965,966,University of Hartford,United States,-
966,967,University of Hertfordshire,United Kingdom,-
967,968,University of Hohenheim,Germany,-
968,969,University of Hradec Kralove,Czech Republic,-
969,970,University of Idaho,United States,-
970,971,University of Kwazulu-Natal,South Africa,-
971,972,University of Lincoln,United Kingdom,-
972,973,University of Lodz,Poland,-
973,974,University of Louisville,United States,-
974,975,University of Malta,Malta,-
975,976,University of Maribor,Slovenia,-
976,977,"University of Maryland, Baltimore County",United States,-
977,978,University of Messina (UniME),Italy,-
978,979,University of Mississippi,United States,-
979,980,University of Modena and Reggio Emilia,Italy,-
980,981,University of Murcia,Spain,-
981,982,University of New England Australia,Australia,-
982,983,University of New Hampshire,United States,-
983,984,University of Parma,Italy,-
984,985,University of Patras,Greece,-
985,986,University of Peshawar,Pakistan,-
986,987,University of Salford,United Kingdom,-
987,988,University of Santo Tomas,Philippines,-
988,989,University of Seoul ,South Korea,-
989,990,University of the Punjab,Pakistan,-
990,991,University of the West of England,United Kingdom,-
991,992,University of Tulsa,United States,-
992,993,University of Tyumen,Russia,-
993,994,University of Wroclaw,Poland,-
994,995,University of Wyoming,United States,-
995,996,University of Zagreb,Croatia,-
996,997,University of Žilina,Slovakia,-
997,998,Verona University,Italy,-
998,999,Viet Nam National University Ho Chi Minh City (VNU-HCM),Vietnam,-
999,1000,"Vietnam National University, Hanoi ",Vietnam,-
1000,1001,Vytautas Magnus University,Lithuania,-
1001,1002,Worcester Polytechnic Institute,United States,-
1002,1003,Wroclaw University of Science and Technology (WRUST),Poland,-
1003,1004,Wuhan University of Technology,China (Mainland),-
1004,1005,Yamaguchi University ,Japan,-
1005,1006,Yerevan State University,Armenia,-
1006,1007,Yeungnam University ,South Korea,-
1007,1008,Yokohama National University,Japan,-
1008,1009,Zhengzhou University,China (Mainland),-
1009,1010,Al Quds University The Arab University in Jerusalem,"Palestinian Territory, Occupied",-
1010,1011,Alexandria University ,Egypt,-
1011,1012,Aligarh Muslim University,India,-
1012,1013,Amity University,India,-
1013,1014,Amrita Vishwa Vidyapeetham,India,-
1014,1015,Ankara Üniversitesi,Turkey,-
1015,1016,An-Najah National University,"Palestinian Territory, Occupied",-
1016,1017,Asia University Taiwan,Taiwan,-
1017,1018,Assiut University ,Egypt,-
1018,1019,Athens University of Economics and Business,Greece,-
1019,1020,Auburn University,United States,-
1020,1021,Azerbaijan State University of Economics,Azerbaijan,-
1021,1022,Babes-Bolyai University,Romania,-
1022,1023,Baku State University,Azerbaijan,-
1023,1024,Banaras Hindu University,India,-
1024,1025,Baylor University,United States,-
1025,1026,Belarusian State University of Informatics and Radioelectronics,Belarus,-
1026,1027,Benemérita Universidad Autónoma de Puebla,Mexico,-
1027,1028,Bielefeld University,Germany,-
1028,1029,Bina Nusantara University (BINUS),Indonesia,-
1029,1030,Binghamton University SUNY,United States,-
1030,1031,"Birla Institute of Technology and Science, Pilani",India,-
1031,1032,Birmingham City University ,United Kingdom,-
1032,1033,BRAC University,Bangladesh,-
1033,1034,Brigham Young University,United States,-
1034,1035,Brock University,Canada,-
1035,1036,Canterbury Christ Church University,United Kingdom,-
1036,1037,CEU Universities,Spain,-
1037,1038,Chungbuk National University,South Korea,-
1038,1039,COMSATS University Islamabad,Pakistan,-
1039,1040,Corvinus University of Budapest,Hungary,-
1040,1041,CUNY The City College of New York,United States,-
1041,1042,Doshisha University,Japan,-
1042,1043,Escuela Politécnica Nacional,Ecuador,-
1043,1044,Escuela Superior Politécnica del Litoral (ESPOL),Ecuador,-
1044,1045,Financial University under the Government of the Russian Federation,Russia,-
1045,1046,Fordham University ,United States,-
1046,1047,Future University in Egypt,Egypt,-
1047,1048,Gazi Üniversitesi,Turkey,-
1048,1049,George Mason University,United States,-
1049,1050,Glasgow Caledonian University,United Kingdom,-
1050,1051,Harper Adams University,United Kingdom,-
1051,1052,Huazhong Agricultural University,China (Mainland),-
1052,1053,Imam Mohammad Ibn Saud Islamic University – IMSIU,Saudi Arabia,-
1053,1054,Istanbul Aydin University  ,Turkey,-
1054,1055,Ivan Franko National University of Lviv,Ukraine,-
1055,1056,Jeju National University ,South Korea,-
1056,1057,Jiangnan University,China (Mainland),-
1057,1058,Kangwon National University ,South Korea,-
1058,1059,Kazakh Ablai Khan University of International Relations and World Languages,Kazakhstan,-
1059,1060,Kazan National Research Technological University,Russia,-
1060,1061,Kent State University,United States,-
1061,1062,Kharkiv National University of Radio Electronics ,Ukraine,-
1062,1063,Kookmin University ,South Korea,-
1063,1064,Kuwait University,Kuwait,-
1064,1065,Kyoto Institute of Technology,Japan,-
1065,1066,Kyushu Institute of Technology ,Japan,-
1066,1067,Leeds Beckett University,United Kingdom,-
1067,1068,Marquette University,United States,-
1068,1069,Mendeleev University of Chemical Technology,Russia,-
1069,1070,Mississippi State University,United States,-
1070,1071,Multimedia University (MMU),Malaysia,-
1071,1072,Mustansiriyah University,Iraq,-
1072,1073,Mutah University,Jordan,-
1073,1074,Mykolas Romeris University,Lithuania,-
1074,1075,Nagoya Institute of Technology (NIT),Japan,-
1075,1076,Nanjing Normal University,China (Mainland),-
1076,1077,National Taiwan Ocean University,Taiwan,-
1077,1078,National University of Kyiv-Mohyla Academy (NaUKMA),Ukraine,-
1078,1079,North South University,Bangladesh,-
1079,1080,North-West University,South Africa,-
1080,1081,Ocean University of China,China (Mainland),-
1081,1082,Odessa I.I. Mechnikov National University,Ukraine,-
1082,1083,Ohio University,United States,-
1083,1084,Paul Valéry University Montpellier,France,-
1084,1085,Rochester Institute of Technology (RIT),United States,-
1085,1086,Saitama University,Japan,-
1086,1087,San Diego State University,United States,-
1087,1088,Sathyabama Institute of Science and Technology (deemed to be university),India,-
1088,1089,Seattle University,United States,-
1089,1090,Seoul National University of Science and Technology,South Korea,-
1090,1091,Shahid Beheshti University (SBU),"Iran, Islamic Republic of",-
1091,1092,Shanghai International Studies University,China (Mainland),-
1092,1093,Sheffield Hallam University,United Kingdom,-
1093,1094,"Siberian Federal University, SibFU",Russia,-
1094,1095,Siksha 'O' Anusandhan (Deemed to be University),India,-
1095,1096,Silesian University of Technology,Poland,-
1096,1097,Sookmyung Women's University ,South Korea,-
1097,1098,Taibah University,Saudi Arabia,-
1098,1099,Tallinn University ,Estonia,-
1099,1100,Technical University of Lublin,Poland,-
1100,1101,Telkom University,Indonesia,-
1101,1102,Texas Tech University,United States,-
1102,1103,Thapar Institute of Engineering & Technology,India,-
1103,1104,The Herzen State Pedagogical University of Russia,Russia,-
1104,1105,The Josip Juraj Strossmayer University of Osijek,Croatia,-
1105,1106,"The National Research University ""Belgorod State University""",Russia,-
1106,1107,The University of Alabama,United States,-
1107,1108,The University of Lahore,Pakistan,-
1108,1109,The University of Northampton,United Kingdom,-
1109,1110,Tokai University,Japan,-
1110,1111,Tomas Bata University in Zlin,Czech Republic,-
1111,1112,Ton Duc Thang University,Vietnam,-
1112,1113,Universidad Andrés Bello,Chile,-
1113,1114,Universidad Austral de Chile,Chile,-
1114,1115,Universidad Autónoma de Aguascalientes,Mexico,-
1115,1116,Universidad Autónoma de Nuevo León,Mexico,-
1116,1117,Universidad de Castilla-La Mancha,Spain,-
1117,1118,Universidad de Córdoba - Colombia,Colombia,-
1118,1119,Universidad de Lima,Peru,-
1119,1120,Universidad de Monterrey (UDEM),Mexico,-
1120,1121,Universidad de Oviedo,Spain,-
1121,1122,Universidad de Talca,Chile,-
1122,1123,Universidad de Valladolid,Spain,-
1123,1124,Universidad de Valparaíso (UV),Chile,-
1124,1125,Universidad del Norte ,Colombia,-
1125,1126,Universidad del Pacífico,Peru,-
1126,1127,Universidad Industrial de Santander - UIS,Colombia,-
1127,1128,Universidad Latinoamericana de Ciencia y Tecnología Costa Rica (ULACIT),Costa Rica,-
1128,1129,Universidad Nacional Agraria la Molina,Peru,-
1129,1130,Universidad Nacional de Cuyo,Argentina,-
1130,1131,Universidad Nacional de la Asunción,Paraguay,-
1131,1132,Universidad Nacional de Río Cuarto - UNRC,Argentina,-
1132,1133,"Universidad Nacional, Costa Rica",Costa Rica,-
1133,1134,Universidad Peruana de Ciencias Aplicadas,Peru,-
1134,1135,Universidad Rey Juan Carlos,Spain,-
1135,1136,Universidad Técnica Federico Santa María (USM),Chile,-
1136,1137,Universidad Tecnológica de Panamá (UTP),Panama,-
1137,1138,Universidade da Coruña ,Spain,-
1138,1139,Universidade de Vigo,Spain,-
1139,1140,Universidade do Estado do Rio de Janeiro (UERJ),Brazil,-
1140,1141,Universidade Federal de Juiz de Fora- (UFJF),Brazil,-
1141,1142,Universidade Federal de Pelotas ,Brazil,-
1142,1143,Universidade Federal de Pernambuco (UFPE) ,Brazil,-
1143,1144,Università degli Studi della Tuscia (University of Tuscia),Italy,-
1144,1145,Università degli Studi di Udine,Italy,-
1145,1146,Universitas Hasanuddin,Indonesia,-
1146,1147,Universitas Sebelas Maret,Indonesia,-
1147,1148,Universität Siegen,Germany,-
1148,1149,Université de Poitiers,France,-
1149,1150,Université de Toulouse II-Le Mirail,France,-
1150,1151,Université Lumière Lyon 2,France,-
1151,1152,Université Toulouse 1 Capitole,France,-
1152,1153,Universiti Kuala Lumpur (UniKL),Malaysia,-
1153,1154,Universiti Malaysia Sabah (UMS),Malaysia,-
1154,1155,Universiti Malaysia Sarawak (UNIMAS),Malaysia,-
1155,1156,Universiti Malaysia Terengganu (UMT),Malaysia,-
1156,1157,Universiti Tun Hussein Onn University of Malaysia (UTHM),Malaysia,-
1157,1158,"University of Agriculture, Faisalabad ",Pakistan,-
1158,1159,University of Arkansas Fayetteville ,United States,-
1159,1160,University of Belgrade,Serbia,-
1160,1161,University of Bialystok,Poland,-
1161,1162,University of Bucharest,Romania,-
1162,1163,University of Calabria,Italy,-
1163,1164,University of Derby,United Kingdom,-
1164,1165,University of Hawaii at Hilo,United States,-
1165,1166,University of Kufa,Iraq,-
1166,1167,University of Latvia,Latvia,-
1167,1168,University of Miskolc ,Hungary,-
1168,1169,University of Missouri Saint Louis,United States,-
1169,1170,"University of Missouri, Kansas City",United States,-
1170,1171,University of Montana Missoula ,United States,-
1171,1172,University of Mumbai,India,-
1172,1173,University of Nairobi,Kenya,-
1173,1174,University of Naples Parthenope,Italy,-
1174,1175,University of North Texas,United States,-
1175,1176,University of Ostrava,Czech Republic,-
1176,1177,University of Palermo,Italy,-
1177,1178,University of Pannonia,Hungary,-
1178,1179,University of Pardubice,Czech Republic,-
1179,1180,University of Peradeniya ,Sri Lanka,-
1180,1181,University of Primorska,Slovenia,-
1181,1182,University of Regina,Canada,-
1182,1183,University of Rhode Island ,United States,-
1183,1184,University of Rijeka,Croatia,-
1184,1185,University of Salerno,Italy,-
1185,1186,University of San Diego,United States,-
1186,1187,University of San Francisco,United States,-
1187,1188,University of Texas at San Antonio,United States,-
1188,1189,University of the Pacific,United States,-
1189,1190,University of the Sunshine Coast ,Australia,-
1190,1191,University of the Western Cape,South Africa,-
1191,1192,University of Toledo,United States,-
1192,1193,University of Warmia and Mazury in Olsztyn,Poland,-
1193,1194,University of Wisconsin Milwaukee ,United States,-
1194,1195,University of Wolverhampton,United Kingdom,-
1195,1196,Utah State University ,United States,-
1196,1197,Vancouver Island University,Canada,-
1197,1198,Vellore Institute of Technology (VIT),India,-
1198,1199,Voronezh State University,Russia,-
1199,1200,Warsaw University of Life Sciences – SGGW (WULS-SGGW),Poland,-
1200,1201,West Virginia University,United States,-
1201,1202,Western Michigan University,United States,-
1202,1203,Xi'an Jiaotong Liverpool University,China (Mainland),-
1203,1204,Yildiz Technical University,Turkey,-
1204,1205, Don State Technical University,Russia,-
1205,1206,Akdeniz Üniversitesi,Turkey,-
1206,1207,Al-Azhar University,Egypt,-
1207,1208,Al-Balqa Applied University,Jordan,-
1208,1209,Alexandru Ioan Cuza University,Romania,-
1209,1210,Anadolu University,Turkey,-
1210,1211,Aoyama Gakuin University,Japan,-
1211,1212,Bahauddin Zakariya University ,Pakistan,-
1212,1213,Birzeit university,"Palestinian Territory, Occupied",-
1213,1214,British University in Egypt,Egypt,-
1214,1215,California Polytechnic State University,United States,-
1215,1216,California State University - Los Angeles,United States,-
1216,1217,Católica de Córdoba,Argentina,-
1217,1218,Central Michigan University,United States,-
1218,1219,China University of Political Science and Law,China (Mainland),-
1219,1220,Chung Yuan Christian University,Taiwan,-
1220,1221,Cleveland State University,United States,-
1221,1222,Dokuz Eylül Üniversitesi,Turkey,-
1222,1223,EGE UNIVERSITY,Turkey,-
1223,1224,Feng Chia University,Taiwan,-
1224,1225,Florida Atlantic University - Boca Raton,United States,-
1225,1226,Fu Jen Catholic University,Taiwan,-
1226,1227,Fundación Universidad De Bogotá-Jorge Tadeo Lozano,Colombia,-
1227,1228,Gebze Yüksek Teknoloji Enstitüsü (GYTE),Turkey,-
1228,1229,German University in Cairo,Egypt,-
1229,1230,Hanoi University of Science and Technology,Vietnam,-
1230,1231,Helwan University ,Egypt,-
1231,1232,Hohai University,China (Mainland),-
1232,1233,Hongik University ,South Korea,-
1233,1234,Humboldt State University,United States,-
1234,1235,Illinois State University,United States,-
1235,1236,Indiana State University,United States,-
1236,1237,International Islamic University Islamabad (IIU),Pakistan,-
1237,1238,Irkutsk State University,Russia,-
1238,1239,Istanbul Bilgi Üniversitesi,Turkey,-
1239,1240,Izmir Institute of Technology (IZTECH),Turkey,-
1240,1241,Jamia Hamdard,India,-
1241,1242,Kindai University (Kinki University),Japan,-
1242,1243,King Mongkut\'s Institute of Technology Ladkrabang,Thailand,-
1243,1244,Kwansei Gakuin University,Japan,-
1244,1245,Lucian Blaga University of Sibiu,Romania,-
1245,1246,Makerere University,Uganda,-
1246,1247,Mansoura University,Egypt,-
1247,1248,Marmara University,Turkey,-
1248,1249,Meiji University,Japan,-
1249,1250,Miami University,United States,-
1250,1251,MIREA - Russian Technological University,Russia,-
1251,1252,Moscow City University,Russia,-
1252,1253,Moscow Pedagogical State University,Russia,-
1253,1254,National Dong Hwa University,Taiwan,-
1254,1255,National Research University Moscow Power Engineering Institute (MPEI),Russia,-
1255,1256,National Taipei University,Taiwan,-
1256,1257,National University of Life and Environmental Sciences of Ukraine,Ukraine,-
1257,1258,Northern Arizona University,United States,-
1258,1259,Nova Southeastern University,United States,-
1259,1260,Óbuda University,Hungary,-
1260,1261,OSMANIA UNIVERSITY,India,-
1261,1262,Panjab University,India,-
1262,1263,Pontificia Universidad Catolica Madre y Maestra,Dominican Republic,-
1263,1264,Pontificia Universidade Católica do Campinas - PUC Campinas,Brazil,-
1264,1265,Pontifícia Universidade Católica do Paraná,Brazil,-
1265,1266,Pontifícia Universidade Católica do Rio Grande do Sul (PUCRS),Brazil,-
1266,1267,Portland State University,United States,-
1267,1268,Pukyong National University ,South Korea,-
1268,1269,Rikkyo University,Japan,-
1269,1270,Russian State Agrarian University - Moscow Timiryazev Agricultural Academy,Russia,-
1270,1271,Russian State University for the Humanities ,Russia,-
1271,1272,"Rutgers, The State University of New Jersey, Camden",United States,-
1272,1273,Saken Seifullin Kazakh Agrotechnical University,Kazakhstan,-
1273,1274,San Francisco State University,United States,-
1274,1275,Shanghai Normal University,China (Mainland),-
1275,1276,Shanghai University of Finance and Economics,China (Mainland),-
1276,1277,Shibaura Institute of Technology,Japan,-
1277,1278,Slovak University of Agriculture in Nitra,Slovakia,-
1278,1279,Soochow University (Taiwan),Taiwan,-
1279,1280,Soongsil University,South Korea,-
1280,1281,Southwest University,China (Mainland),-
1281,1282,SRM INSTITUTE OF SCIENCE AND TECHNOLOGY,India,-
1282,1283,Stefan cel Mare University of Suceava,Romania,-
1283,1284,Suez Canal University,Egypt,-
1284,1285,Suranaree University of Technology ,Thailand,-
1285,1286,Tamkang University,Taiwan,-
1286,1287,Tanta University ,Egypt,-
1287,1288,Technical University of Cluj-Napoca,Romania,-
1288,1289,"The ""Gheorghe Asachi"" Technical University of Iasi",Romania,-
1289,1290,The Hashemite University,Jordan,-
1290,1291,"The University of Notre Dame, Australia",Australia,-
1291,1292,The University of Texas at Arlington,United States,-
1292,1293,Toraighyrov University,Kazakhstan,-
1293,1294,Transilvania University of Brasov,Romania,-
1294,1295,Tunghai University,Taiwan,-
1295,1296,Universidad Autónoma de Baja California,Mexico,-
1296,1297,Universidad Autónoma de Chile,Chile,-
1297,1298,Universidad Autónoma de Querétaro (UAQ),Mexico,-
1298,1299,Universidad Autónoma de San Luis de Potosí,Mexico,-
1299,1300,Universidad Autonoma de Yucatan,Mexico,-
1300,1301,Universidad Autónoma del Estado de Morelos (UAEM),Mexico,-
1301,1302,Universidad Bernardo O'Higgins,Chile,-
1302,1303,Universidad Católica de Colombia ,Colombia,-
1303,1304,Universidad Católica de La Santísima Concepción - UCSC,Chile,-
1304,1305,Universidad Católica del Norte,Chile,-
1305,1306,Universidad Central de Chile,Chile,-
1306,1307,Universidad Central del Ecuador,Ecuador,-
1307,1308,Universidad de Caldas,Colombia,-
1308,1309,Universidad de Carabobo,Venezuela,-
1309,1310,Universidad de Cartagena,Colombia,-
1310,1311,Universidad de Cuenca,Ecuador,-
1311,1312,Universidad de Guanajuato,Mexico,-
1312,1313,Universidad de La Frontera (UFRO),Chile,-
1313,1314,Universidad de La Salle,Colombia,-
1314,1315,Universidad de La Serena,Chile,-
1315,1316,Universidad de Las Américas (UDLA) Ecuador,Ecuador,-
1316,1317,Universidad de las Fuerzas Armadas ESPE (Ex - Escuela Politécnica del Ejército),Ecuador,-
1317,1318,Universidad de Medellín,Colombia,-
1318,1319,Universidad de Panama,Panama,-
1319,1320,Universidad de Piura,Peru,-
1320,1321,Universidad de Puerto Rico,Puerto Rico,-
1321,1322,Universidad de San Carlos de Guatemala - USAC,Guatemala,-
1322,1323,Universidad de Santander - UDES,Colombia,-
1323,1324,Universidad de Sonora,Mexico,-
1324,1325,Universidad del Bío-Bío,Chile,-
1325,1326,Universidad del Cauca,Colombia,-
1326,1327,Universidad del Desarrollo (UDD),Chile,-
1327,1328,Universidad del Magdalena,Colombia,-
1328,1329,Universidad del Salvador,Argentina,-
1329,1330,Universidad del Valle de Mexico (UVM),Mexico,-
1330,1331,Universidad del Zulia,Venezuela,-
1331,1332,Universidad La Salle (ULSA),Mexico,-
1332,1333,Universidad Mayor de San Andrés (UMSA),Bolivia,-
1333,1334,Universidad Metropolitana,Venezuela,-
1334,1335,Universidad Nacional de Mar del Plata,Argentina,-
1335,1336,Universidad Nacional de Quilmes,Argentina,-
1336,1337,Universidad Nacional de San Martín (UNSAM),Argentina,-
1337,1338,Universidad Nacional de Tucumán,Argentina,-
1338,1339,Universidad Nacional del Comahue,Argentina,-
1339,1340,Universidad Nacional del Litoral,Argentina,-
1340,1341,Universidad Nacional del Sur,Argentina,-
1341,1342,Universidad Popular Autónoma del Estado de Puebla (UPAEP),Mexico,-
1342,1343,Universidad San Ignacio de Loyola,Peru,-
1343,1344,Universidad Tecnica Particular De Loja (UPTL),Ecuador,-
1344,1345,"Universidad Tecnológica de la Habana José Antonio Echeverría, Cujae",Cuba,-
1345,1346,Universidad Tecnológica de Pereira,Colombia,-
1346,1347,Universidad Veracruzana,Mexico,-
1347,1348,Universidade do Estado de Santa Catarina,Brazil,-
1348,1349,Universidade Estadual de Londrina,Brazil,-
1349,1350,Universidade Federal da Bahia,Brazil,-
1350,1351,Universidade Federal da Paraíba,Brazil,-
1351,1352,Universidade Federal de Goiás,Brazil,-
1352,1353,Universidade Federal de Santa Maria,Brazil,-
1353,1354,Universidade Federal de Uberlândia,Brazil,-
1354,1355,Universidade Federal de Viçosa (UFV),Brazil,-
1355,1356,Universidade Federal do Ceará (UFC),Brazil,-
1356,1357,Universidade Federal do Estado do Rio de Janeiro - UNIRIO,Brazil,-
1357,1358,Universidade Federal do Parà - UFPA,Brazil,-
1358,1359,Universidade Federal do Rio Grande Do Norte,Brazil,-
1359,1360,Universidade Federal Fluminense ,Brazil,-
1360,1361,Universidade Presbiteriana Mackenzie,Brazil,-
1361,1362,"Universita' degli Studi ""G. d'Annunzio"" Chieti Pescara",Italy,-
1362,1363,Università degli studi di Bergamo,Italy,-
1363,1364,Universitas Andalas,Indonesia,-
1364,1365,Universitas Muhammadiyah Surakarta,Indonesia,-
1365,1366,Universitas Sumatera Utara,Indonesia,-
1366,1367,Universitatea de Vest din Timisoara / West University of Timisoara,Romania,-
1367,1368,Université de Caen Normandie,France,-
1368,1369,Université de Tunis,Tunisia,-
1369,1370,Université de Tunis El Manar,Tunisia,-
1370,1371,Université Jean Moulin Lyon 3,France,-
1371,1372,Université Paris-Nanterre,France,-
1372,1373,University of Babylon,Iraq,-
1373,1374,University of Basrah,Iraq,-
1374,1375,University of Central Oklahoma,United States,-
1375,1376,University of Colombo,Sri Lanka,-
1376,1377,University of Ghana,Ghana,-
1377,1378,University of International Business and Economics,China (Mainland),-
1378,1379,University of Karachi,Pakistan,-
1379,1380,University of Khartoum,Sudan,-
1380,1381,University of Kragujevac,Serbia,-
1381,1382,University of Memphis,United States,-
1382,1383,University of Niš,Serbia,-
1383,1384,University of North Carolina at Charlotte,United States,-
1384,1385,University of North Carolina at Greensboro,United States,-
1385,1386,University of Northern British Columbia,Canada,-
1386,1387,University of Novi Sad,Serbia,-
1387,1388,University of Rzeszów,Poland,-
1388,1389,University of Sarajevo ,Bosnia and Herzegovina,-
1389,1390,University of Silesia in Katowice,Poland,-
1390,1391,University of South Alabama (USA),United States,-
1391,1392,University of Split,Croatia,-
1392,1393,University of Texas El Paso ,United States,-
1393,1394,University of West Bohemia ,Czech Republic,-
1394,1395,University POLITEHNICA of Bucharest,Romania,-
1395,1396,"University Politehnica of Timisoara, UPT",Romania,-
1396,1397,VSB - Technical University of Ostrava,Czech Republic,-
1397,1398,Western Washington University,United States,-
1398,1399,Yarmouk University,Jordan,-
1399,1400,Youngsan University,South Korea,-
1400,1401,Yuan Ze University,Taiwan,-
1401,1402,Zagazig University,Egypt,-
1402,1403,Ataturk University,Turkey,-
1403,1404,California State University Long Beach,United States,-
1404,1405,Cukurova University,Turkey,-
1405,1406,Damascus University,Syrian Arab Republic,-
1406,1407,Erciyes Üniversitesi,Turkey,-
1407,1408,Pontificia Universidade Católica do Minas Gerais - PUC Minas,Brazil,-
1408,1409,Sakarya University,Turkey,-
1409,1410,Sudan University of Science and Technology,Sudan,-
1410,1411,Universidad Autónoma de Guadalajara (UAG),Mexico,-
1411,1412,"Universidad Católica Boliviana ""San Pablo""",Bolivia,-
1412,1413,Universidad Católica de Santiago de Guayaquil,Ecuador,-
1413,1414,Universidad Católica de Temuco,Chile,-
1414,1415,Universidad de Tarapaca,Chile,-
1415,1416,Universidad Mayor de San Simón Cochabamba,Bolivia,-
1416,1417,Universidad Michoacana de San Nicolás de Hidalgo,Mexico,-
1417,1418,Universidad Nacional Autónoma de Honduras (UNAH),Honduras,-
1418,1419,Universidad Tecnológica de Bolívar,Colombia,-
1419,1420,Université Mohammed V de Rabat,Morocco,-
1420,1421,University of Craiova,Romania,-
1421,1422,University of Oradea,Romania,-
